FirstName,LastName,UID,City,Address1,Address2,PostalCode,State,Country,PhoneNumber,Status
FirstName1,LastName1,uid1,CityA,Add1,,234324,ON,CA,123-123-1233,1
FirstName2,LastName2,uid2,CityB,,Add2,,ON,CA,231-231-3321,1
FirstName3,LastName3,uid3,CityC,,,,ON,CA,123-123-1234,0
FirstName4,LastName4,uid4,CityD,Add2,,234325,ON,CA,123-123-1235,1
FirstName5,LastName5,uid5,CityE,,Add3,,ON,CA,123-123-1234,1
FirstName6,LastName6,uid6,CityA,,,,ON,CA,231-231-3322,1
FirstName7,LastName7,uid7,CityB,Add3,,234326,ON,CA,123-123-1236,1
FirstName8,LastName8,uid8,CityC,,Add4,,ON,CA,123-123-1237,0
FirstName9,LastName9,uid9,CityD,,,,ON,CA,123-123-1235,0
FirstName10,LastName10,uid10,CityE,Add4,,234327,ON,CA,231-231-3323,1
FirstName11,LastName11,uid11,CityA,,Add5,,ON,CA,123-123-1238,1
FirstName12,LastName12,uid12,CityB,,,,ON,CA,123-123-1239,1
FirstName13,LastName13,uid13,CityC,Add5,,234328,ON,CA,123-123-1236,1
FirstName14,LastName14,uid14,CityD,,Add6,,ON,CA,231-231-3324,1
FirstName15,LastName15,uid15,CityE,,,,ON,CA,123-123-1240,1
FirstName16,LastName16,uid16,CityA,Add6,,234329,ON,CA,123-123-1241,1
FirstName17,LastName17,uid17,CityB,,Add7,,ON,CA,123-123-1237,1
FirstName18,LastName18,uid18,CityC,,,,ON,CA,231-231-3325,0
FirstName19,LastName19,uid19,CityD,Add7,,234330,ON,CA,123-123-1242,0
FirstName20,LastName20,uid20,CityE,,Add8,,ON,CA,123-123-1243,0
FirstName21,LastName21,uid21,CityA,,,,ON,CA,123-123-1238,0
FirstName22,LastName22,uid22,CityB,Add8,,234331,ON,CA,231-231-3326,0
FirstName23,LastName23,uid23,CityC,,Add9,,ON,CA,123-123-1244,1
FirstName24,LastName24,uid24,CityD,,,,ON,CA,123-123-1245,1
FirstName25,LastName25,uid25,CityE,Add9,,234332,ON,CA,123-123-1239,1
FirstName26,LastName26,uid26,CityA,,Add10,,ON,CA,231-231-3327,1
FirstName27,LastName27,uid27,CityB,,,,ON,CA,123-123-1246,1
FirstName28,LastName28,uid28,CityC,Add10,,234333,ON,CA,123-123-1247,1
FirstName29,LastName29,uid29,CityD,,Add11,,ON,CA,123-123-1240,1
FirstName30,LastName30,uid30,CityE,,,,ON,CA,231-231-3328,1
FirstName31,LastName31,uid31,CityA,Add11,,234334,ON,CA,123-123-1248,1
FirstName32,LastName32,uid32,CityB,,Add12,,ON,CA,123-123-1249,1
FirstName33,LastName33,uid33,CityC,,,,ON,CA,123-123-1241,1
FirstName34,LastName34,uid34,CityD,Add12,,234335,ON,CA,231-231-3329,1
FirstName35,LastName35,uid35,CityE,,Add13,,ON,CA,123-123-1250,1
FirstName36,LastName36,uid36,CityA,,,,ON,CA,123-123-1251,1
FirstName37,LastName37,uid37,CityB,Add13,,234336,ON,CA,123-123-1242,1
FirstName38,LastName38,uid38,CityC,,Add14,,ON,CA,231-231-3330,1
FirstName39,LastName39,uid39,CityD,,,,ON,CA,123-123-1252,1
FirstName40,LastName40,uid40,CityE,Add14,,234337,ON,CA,123-123-1253,1
FirstName41,LastName41,uid41,CityA,,Add15,,ON,CA,123-123-1243,1
FirstName42,LastName42,uid42,CityB,,,,ON,CA,231-231-3331,1
FirstName43,LastName43,uid43,CityC,Add15,,234338,ON,CA,123-123-1254,1
FirstName44,LastName44,uid44,CityD,,Add16,,ON,CA,123-123-1255,1
FirstName45,LastName45,uid45,CityE,,,,ON,CA,123-123-1244,1
FirstName46,LastName46,uid46,CityA,Add16,,234339,ON,CA,231-231-3332,1
FirstName47,LastName47,uid47,CityB,,Add17,,ON,CA,123-123-1256,1
FirstName48,LastName48,uid48,CityC,,,,ON,CA,123-123-1257,1
FirstName49,LastName49,uid49,CityD,Add17,,234340,ON,CA,123-123-1245,1
FirstName50,LastName50,uid50,CityE,,Add18,,ON,CA,231-231-3333,1
FirstName51,LastName51,uid51,CityA,,,,ON,CA,123-123-1258,1
FirstName52,LastName52,uid52,CityB,Add18,,234341,ON,CA,123-123-1259,1
FirstName53,LastName53,uid53,CityC,,Add19,,ON,CA,123-123-1246,1
FirstName54,LastName54,uid54,CityD,,,,ON,CA,231-231-3334,1
FirstName55,LastName55,uid55,CityE,Add19,,234342,ON,CA,123-123-1260,1
FirstName56,LastName56,uid56,CityA,,Add20,,ON,CA,123-123-1261,1
FirstName57,LastName57,uid57,CityB,,,,ON,CA,123-123-1247,1
FirstName58,LastName58,uid58,CityC,Add20,,234343,ON,CA,231-231-3335,1
FirstName59,LastName59,uid59,CityD,,Add21,,ON,CA,123-123-1262,1
FirstName60,LastName60,uid60,CityE,,,,ON,CA,123-123-1263,1
FirstName61,LastName61,uid61,CityA,Add21,,234344,ON,CA,123-123-1248,1
FirstName62,LastName62,uid62,CityB,,Add22,,ON,CA,231-231-3336,1
FirstName63,LastName63,uid63,CityC,,,,ON,CA,123-123-1264,1
FirstName64,LastName64,uid64,CityD,Add22,,234345,ON,CA,123-123-1265,1
FirstName65,LastName65,uid65,CityE,,Add23,,ON,CA,123-123-1249,1
FirstName66,LastName66,uid66,CityA,,,,ON,CA,231-231-3337,1
FirstName67,LastName67,uid67,CityB,Add23,,234346,ON,CA,123-123-1266,1
FirstName68,LastName68,uid68,CityC,,Add24,,ON,CA,123-123-1267,1
FirstName69,LastName69,uid69,CityD,,,,ON,CA,123-123-1250,1
FirstName70,LastName70,uid70,CityE,Add24,,234347,ON,CA,231-231-3338,1
FirstName71,LastName71,uid71,CityA,,Add25,,ON,CA,123-123-1268,1
FirstName72,LastName72,uid72,CityB,,,,ON,CA,123-123-1269,1
FirstName73,LastName73,uid73,CityC,Add25,,234348,ON,CA,123-123-1251,1
FirstName74,LastName74,uid74,CityD,,Add26,,ON,CA,231-231-3339,1
FirstName75,LastName75,uid75,CityE,,,,ON,CA,123-123-1270,1
FirstName76,LastName76,uid76,CityA,Add26,,234349,ON,CA,123-123-1271,1
FirstName77,LastName77,uid77,CityB,,Add27,,ON,CA,123-123-1252,1
FirstName78,LastName78,uid78,CityC,,,,ON,CA,231-231-3340,1
FirstName79,LastName79,uid79,CityD,Add27,,234350,ON,CA,123-123-1272,1
FirstName80,LastName80,uid80,CityE,,Add28,,ON,CA,123-123-1273,1
FirstName81,LastName81,uid81,CityA,,,,ON,CA,123-123-1253,1
FirstName82,LastName82,uid82,CityB,Add28,,234351,ON,CA,231-231-3341,1
FirstName83,LastName83,uid83,CityC,,Add29,,ON,CA,123-123-1274,1
FirstName84,LastName84,uid84,CityD,,,,ON,CA,123-123-1275,1
FirstName85,LastName85,uid85,CityE,Add29,,234352,ON,CA,123-123-1254,1
FirstName86,LastName86,uid86,CityA,,Add30,,ON,CA,231-231-3342,1
FirstName87,LastName87,uid87,CityB,,,,ON,CA,123-123-1276,1
FirstName88,LastName88,uid88,CityC,Add30,,234353,ON,CA,123-123-1277,1
FirstName89,LastName89,uid89,CityD,,Add31,,ON,CA,123-123-1255,1
FirstName90,LastName90,uid90,CityE,,,,ON,CA,231-231-3343,1
FirstName91,LastName91,uid91,CityA,Add31,,234354,ON,CA,123-123-1278,1
FirstName92,LastName92,uid92,CityB,,Add32,,ON,CA,123-123-1279,1
FirstName93,LastName93,uid93,CityC,,,,ON,CA,123-123-1256,1
FirstName94,LastName94,uid94,CityD,Add32,,234355,ON,CA,231-231-3344,1
FirstName95,LastName95,uid95,CityE,,Add33,,ON,CA,123-123-1280,1
FirstName96,LastName96,uid96,CityA,,,,ON,CA,123-123-1281,1
FirstName97,LastName97,uid97,CityB,Add33,,234356,ON,CA,123-123-1257,1
FirstName98,LastName98,uid98,CityC,,Add34,,ON,CA,231-231-3345,1
FirstName99,LastName99,uid99,CityD,,,,ON,CA,123-123-1282,1
FirstName100,LastName100,uid100,CityE,Add34,,234357,ON,CA,123-123-1283,1
FirstName101,LastName101,uid101,CityA,,Add35,,ON,CA,123-123-1258,1
FirstName102,LastName102,uid102,CityB,,,,ON,CA,231-231-3346,1
FirstName103,LastName103,uid103,CityC,Add35,,234358,ON,CA,123-123-1284,1
FirstName104,LastName104,uid104,CityD,,Add36,,ON,CA,123-123-1285,1
FirstName105,LastName105,uid105,CityE,,,,ON,CA,123-123-1259,1
FirstName106,LastName106,uid106,CityA,Add36,,234359,ON,CA,231-231-3347,1
FirstName107,LastName107,uid107,CityB,,Add37,,ON,CA,123-123-1286,1
FirstName108,LastName108,uid108,CityC,,,,ON,CA,123-123-1287,1
FirstName109,LastName109,uid109,CityD,Add37,,234360,ON,CA,123-123-1260,1
FirstName110,LastName110,uid110,CityE,,Add38,,ON,CA,231-231-3348,1
FirstName111,LastName111,uid111,CityA,,,,ON,CA,123-123-1288,1
FirstName112,LastName112,uid112,CityB,Add38,,234361,ON,CA,123-123-1289,1
FirstName113,LastName113,uid113,CityC,,Add39,,ON,CA,123-123-1261,1
FirstName114,LastName114,uid114,CityD,,,,ON,CA,231-231-3349,1
FirstName115,LastName115,uid115,CityE,Add39,,234362,ON,CA,123-123-1290,1
FirstName116,LastName116,uid116,CityA,,Add40,,ON,CA,123-123-1291,1
FirstName117,LastName117,uid117,CityB,,,,ON,CA,123-123-1262,1
FirstName118,LastName118,uid118,CityC,Add40,,234363,ON,CA,231-231-3350,1
FirstName119,LastName119,uid119,CityD,,Add41,,ON,CA,123-123-1292,1
FirstName120,LastName120,uid120,CityE,,,,ON,CA,123-123-1293,1
FirstName121,LastName121,uid121,CityA,Add41,,234364,ON,CA,123-123-1263,1
FirstName122,LastName122,uid122,CityB,,Add42,,ON,CA,231-231-3351,1
FirstName123,LastName123,uid123,CityC,,,,ON,CA,123-123-1294,1
FirstName124,LastName124,uid124,CityD,Add42,,234365,ON,CA,123-123-1295,1
FirstName125,LastName125,uid125,CityE,,Add43,,ON,CA,123-123-1264,1
FirstName126,LastName126,uid126,CityA,,,,ON,CA,231-231-3352,1
FirstName127,LastName127,uid127,CityB,Add43,,234366,ON,CA,123-123-1296,1
FirstName128,LastName128,uid128,CityC,,Add44,,ON,CA,123-123-1297,1
FirstName129,LastName129,uid129,CityD,,,,ON,CA,123-123-1265,1
FirstName130,LastName130,uid130,CityE,Add44,,234367,ON,CA,231-231-3353,1
FirstName131,LastName131,uid131,CityA,,Add45,,ON,CA,123-123-1298,1
FirstName132,LastName132,uid132,CityB,,,,ON,CA,123-123-1299,1
FirstName133,LastName133,uid133,CityC,Add45,,234368,ON,CA,123-123-1266,1
FirstName134,LastName134,uid134,CityD,,Add46,,ON,CA,231-231-3354,1
FirstName135,LastName135,uid135,CityE,,,,ON,CA,123-123-1300,1
FirstName136,LastName136,uid136,CityA,Add46,,234369,ON,CA,123-123-1301,1
FirstName137,LastName137,uid137,CityB,,Add47,,ON,CA,123-123-1267,1
FirstName138,LastName138,uid138,CityC,,,,ON,CA,231-231-3355,1
FirstName139,LastName139,uid139,CityD,Add47,,234370,ON,CA,123-123-1302,1
FirstName140,LastName140,uid140,CityE,,Add48,,ON,CA,123-123-1303,1
FirstName141,LastName141,uid141,CityA,,,,ON,CA,123-123-1268,1
FirstName142,LastName142,uid142,CityB,Add48,,234371,ON,CA,231-231-3356,1
FirstName143,LastName143,uid143,CityC,,Add49,,ON,CA,123-123-1304,1
FirstName144,LastName144,uid144,CityD,,,,ON,CA,123-123-1305,1
FirstName145,LastName145,uid145,CityE,Add49,,234372,ON,CA,123-123-1269,1
FirstName146,LastName146,uid146,CityA,,Add50,,ON,CA,231-231-3357,1
FirstName147,LastName147,uid147,CityB,,,,ON,CA,123-123-1306,1
FirstName148,LastName148,uid148,CityC,Add50,,234373,ON,CA,123-123-1307,1
FirstName149,LastName149,uid149,CityD,,Add51,,ON,CA,123-123-1270,1
FirstName150,LastName150,uid150,CityE,,,,ON,CA,231-231-3358,1
FirstName151,LastName151,uid151,CityA,Add51,,234374,ON,CA,123-123-1308,1
FirstName152,LastName152,uid152,CityB,,Add52,,ON,CA,123-123-1309,1
FirstName153,LastName153,uid153,CityC,,,,ON,CA,123-123-1271,1
FirstName154,LastName154,uid154,CityD,Add52,,234375,ON,CA,231-231-3359,1
FirstName155,LastName155,uid155,CityE,,Add53,,ON,CA,123-123-1310,1
FirstName156,LastName156,uid156,CityA,,,,ON,CA,123-123-1311,1
FirstName157,LastName157,uid157,CityB,Add53,,234376,ON,CA,123-123-1272,1
FirstName158,LastName158,uid158,CityC,,Add54,,ON,CA,231-231-3360,1
FirstName159,LastName159,uid159,CityD,,,,ON,CA,123-123-1312,1
FirstName160,LastName160,uid160,CityE,Add54,,234377,ON,CA,123-123-1313,1
FirstName161,LastName161,uid161,CityA,,Add55,,ON,CA,123-123-1273,1
FirstName162,LastName162,uid162,CityB,,,,ON,CA,231-231-3361,1
FirstName163,LastName163,uid163,CityC,Add55,,234378,ON,CA,123-123-1314,1
FirstName164,LastName164,uid164,CityD,,Add56,,ON,CA,123-123-1315,1
FirstName165,LastName165,uid165,CityE,,,,ON,CA,123-123-1274,1
FirstName166,LastName166,uid166,CityA,Add56,,234379,ON,CA,231-231-3362,1
FirstName167,LastName167,uid167,CityB,,Add57,,ON,CA,123-123-1316,1
FirstName168,LastName168,uid168,CityC,,,,ON,CA,123-123-1317,1
FirstName169,LastName169,uid169,CityD,Add57,,234380,ON,CA,123-123-1275,1
FirstName170,LastName170,uid170,CityE,,Add58,,ON,CA,231-231-3363,1
FirstName171,LastName171,uid171,CityA,,,,ON,CA,123-123-1318,1
FirstName172,LastName172,uid172,CityB,Add58,,234381,ON,CA,123-123-1319,1
FirstName173,LastName173,uid173,CityC,,Add59,,ON,CA,123-123-1276,1
FirstName174,LastName174,uid174,CityD,,,,ON,CA,231-231-3364,1
FirstName175,LastName175,uid175,CityE,Add59,,234382,ON,CA,123-123-1320,1
FirstName176,LastName176,uid176,CityA,,Add60,,ON,CA,123-123-1321,1
FirstName177,LastName177,uid177,CityB,,,,ON,CA,123-123-1277,1
FirstName178,LastName178,uid178,CityC,Add60,,234383,ON,CA,231-231-3365,1
FirstName179,LastName179,uid179,CityD,,Add61,,ON,CA,123-123-1322,1
FirstName180,LastName180,uid180,CityE,,,,ON,CA,123-123-1323,1
FirstName181,LastName181,uid181,CityA,Add61,,234384,ON,CA,123-123-1278,1
FirstName182,LastName182,uid182,CityB,,Add62,,ON,CA,231-231-3366,1
FirstName183,LastName183,uid183,CityC,,,,ON,CA,123-123-1324,1
FirstName184,LastName184,uid184,CityD,Add62,,234385,ON,CA,123-123-1325,1
FirstName185,LastName185,uid185,CityE,,Add63,,ON,CA,123-123-1279,1
FirstName186,LastName186,uid186,CityA,,,,ON,CA,231-231-3367,1
FirstName187,LastName187,uid187,CityB,Add63,,234386,ON,CA,123-123-1326,1
FirstName188,LastName188,uid188,CityC,,Add64,,ON,CA,123-123-1327,1
FirstName189,LastName189,uid189,CityD,,,,ON,CA,123-123-1280,1
FirstName190,LastName190,uid190,CityE,Add64,,234387,ON,CA,231-231-3368,1
FirstName191,LastName191,uid191,CityA,,Add65,,ON,CA,123-123-1328,1
FirstName192,LastName192,uid192,CityB,,,,ON,CA,123-123-1329,1
FirstName193,LastName193,uid193,CityC,Add65,,234388,ON,CA,123-123-1281,1
FirstName194,LastName194,uid194,CityD,,Add66,,ON,CA,231-231-3369,1
FirstName195,LastName195,uid195,CityE,,,,ON,CA,123-123-1330,1
FirstName196,LastName196,uid196,CityA,Add66,,234389,ON,CA,123-123-1331,1
FirstName197,LastName197,uid197,CityB,,Add67,,ON,CA,123-123-1282,1
FirstName198,LastName198,uid198,CityC,,,,ON,CA,231-231-3370,1
FirstName199,LastName199,uid199,CityD,Add67,,234390,ON,CA,123-123-1332,1
FirstName200,LastName200,uid200,CityE,,Add68,,ON,CA,123-123-1333,1
FirstName201,LastName201,uid201,CityA,,,,ON,CA,123-123-1283,1
FirstName202,LastName202,uid202,CityB,Add68,,234391,ON,CA,231-231-3371,1
FirstName203,LastName203,uid203,CityC,,Add69,,ON,CA,123-123-1334,1
FirstName204,LastName204,uid204,CityD,,,,ON,CA,123-123-1335,1
FirstName205,LastName205,uid205,CityE,Add69,,234392,ON,CA,123-123-1284,1
FirstName206,LastName206,uid206,CityA,,Add70,,ON,CA,231-231-3372,1
FirstName207,LastName207,uid207,CityB,,,,ON,CA,123-123-1336,1
FirstName208,LastName208,uid208,CityC,Add70,,234393,ON,CA,123-123-1337,1
FirstName209,LastName209,uid209,CityD,,Add71,,ON,CA,123-123-1285,1
FirstName210,LastName210,uid210,CityE,,,,ON,CA,231-231-3373,1
FirstName211,LastName211,uid211,CityA,Add71,,234394,ON,CA,123-123-1338,1
FirstName212,LastName212,uid212,CityB,,Add72,,ON,CA,123-123-1339,1
FirstName213,LastName213,uid213,CityC,,,,ON,CA,123-123-1286,1
FirstName214,LastName214,uid214,CityD,Add72,,234395,ON,CA,231-231-3374,1
FirstName215,LastName215,uid215,CityE,,Add73,,ON,CA,123-123-1340,1
FirstName216,LastName216,uid216,CityA,,,,ON,CA,123-123-1341,1
FirstName217,LastName217,uid217,CityB,Add73,,234396,ON,CA,123-123-1287,1
FirstName218,LastName218,uid218,CityC,,Add74,,ON,CA,231-231-3375,1
FirstName219,LastName219,uid219,CityD,,,,ON,CA,123-123-1342,1
FirstName220,LastName220,uid220,CityE,Add74,,234397,ON,CA,123-123-1343,1
FirstName221,LastName221,uid221,CityA,,Add75,,ON,CA,123-123-1288,1
FirstName222,LastName222,uid222,CityB,,,,ON,CA,231-231-3376,1
FirstName223,LastName223,uid223,CityC,Add75,,234398,ON,CA,123-123-1344,1
FirstName224,LastName224,uid224,CityD,,Add76,,ON,CA,123-123-1345,1
FirstName225,LastName225,uid225,CityE,,,,ON,CA,123-123-1289,1
FirstName226,LastName226,uid226,CityA,Add76,,234399,ON,CA,231-231-3377,1
FirstName227,LastName227,uid227,CityB,,Add77,,ON,CA,123-123-1346,1
FirstName228,LastName228,uid228,CityC,,,,ON,CA,123-123-1347,1
FirstName229,LastName229,uid229,CityD,Add77,,234400,ON,CA,123-123-1290,1
FirstName230,LastName230,uid230,CityE,,Add78,,ON,CA,231-231-3378,1
FirstName231,LastName231,uid231,CityA,,,,ON,CA,123-123-1348,1
FirstName232,LastName232,uid232,CityB,Add78,,234401,ON,CA,123-123-1349,1
FirstName233,LastName233,uid233,CityC,,Add79,,ON,CA,123-123-1291,1
FirstName234,LastName234,uid234,CityD,,,,ON,CA,231-231-3379,1
FirstName235,LastName235,uid235,CityE,Add79,,234402,ON,CA,123-123-1350,1
FirstName236,LastName236,uid236,CityA,,Add80,,ON,CA,123-123-1351,1
FirstName237,LastName237,uid237,CityB,,,,ON,CA,123-123-1292,1
FirstName238,LastName238,uid238,CityC,Add80,,234403,ON,CA,231-231-3380,1
FirstName239,LastName239,uid239,CityD,,Add81,,ON,CA,123-123-1352,1
FirstName240,LastName240,uid240,CityE,,,,ON,CA,123-123-1353,1
FirstName241,LastName241,uid241,CityA,Add81,,234404,ON,CA,123-123-1293,1
FirstName242,LastName242,uid242,CityB,,Add82,,ON,CA,231-231-3381,1
FirstName243,LastName243,uid243,CityC,,,,ON,CA,123-123-1354,1
FirstName244,LastName244,uid244,CityD,Add82,,234405,ON,CA,123-123-1355,1
FirstName245,LastName245,uid245,CityE,,Add83,,ON,CA,123-123-1294,1
FirstName246,LastName246,uid246,CityA,,,,ON,CA,231-231-3382,1
FirstName247,LastName247,uid247,CityB,Add83,,234406,ON,CA,123-123-1356,1
FirstName248,LastName248,uid248,CityC,,Add84,,ON,CA,123-123-1357,1
FirstName249,LastName249,uid249,CityD,,,,ON,CA,123-123-1295,1
FirstName250,LastName250,uid250,CityE,Add84,,234407,ON,CA,231-231-3383,1
FirstName251,LastName251,uid251,CityA,,Add85,,ON,CA,123-123-1358,1
FirstName252,LastName252,uid252,CityB,,,,ON,CA,123-123-1359,1
FirstName253,LastName253,uid253,CityC,Add85,,234408,ON,CA,123-123-1296,1
FirstName254,LastName254,uid254,CityD,,Add86,,ON,CA,231-231-3384,1
FirstName255,LastName255,uid255,CityE,,,,ON,CA,123-123-1360,1
FirstName256,LastName256,uid256,CityA,Add86,,234409,ON,CA,123-123-1361,1
FirstName257,LastName257,uid257,CityB,,Add87,,ON,CA,123-123-1297,1
FirstName258,LastName258,uid258,CityC,,,,ON,CA,231-231-3385,1
FirstName259,LastName259,uid259,CityD,Add87,,234410,ON,CA,123-123-1362,1
FirstName260,LastName260,uid260,CityE,,Add88,,ON,CA,123-123-1363,1
FirstName261,LastName261,uid261,CityA,,,,ON,CA,123-123-1298,1
FirstName262,LastName262,uid262,CityB,Add88,,234411,ON,CA,231-231-3386,1
FirstName263,LastName263,uid263,CityC,,Add89,,ON,CA,123-123-1364,1
FirstName264,LastName264,uid264,CityD,,,,ON,CA,123-123-1365,1
FirstName265,LastName265,uid265,CityE,Add89,,234412,ON,CA,123-123-1299,1
FirstName266,LastName266,uid266,CityA,,Add90,,ON,CA,231-231-3387,1
FirstName267,LastName267,uid267,CityB,,,,ON,CA,123-123-1366,1
FirstName268,LastName268,uid268,CityC,Add90,,234413,ON,CA,123-123-1367,1
FirstName269,LastName269,uid269,CityD,,Add91,,ON,CA,123-123-1300,1
FirstName270,LastName270,uid270,CityE,,,,ON,CA,231-231-3388,1
FirstName271,LastName271,uid271,CityA,Add91,,234414,ON,CA,123-123-1368,1
FirstName272,LastName272,uid272,CityB,,Add92,,ON,CA,123-123-1369,1
FirstName273,LastName273,uid273,CityC,,,,ON,CA,123-123-1301,1
FirstName274,LastName274,uid274,CityD,Add92,,234415,ON,CA,231-231-3389,1
FirstName275,LastName275,uid275,CityE,,Add93,,ON,CA,123-123-1370,1
FirstName276,LastName276,uid276,CityA,,,,ON,CA,123-123-1371,1
FirstName277,LastName277,uid277,CityB,Add93,,234416,ON,CA,123-123-1302,1
FirstName278,LastName278,uid278,CityC,,Add94,,ON,CA,231-231-3390,1
FirstName279,LastName279,uid279,CityD,,,,ON,CA,123-123-1372,1
FirstName280,LastName280,uid280,CityE,Add94,,234417,ON,CA,123-123-1373,1
FirstName281,LastName281,uid281,CityA,,Add95,,ON,CA,123-123-1303,1
FirstName282,LastName282,uid282,CityB,,,,ON,CA,231-231-3391,1
FirstName283,LastName283,uid283,CityC,Add95,,234418,ON,CA,123-123-1374,1
FirstName284,LastName284,uid284,CityD,,Add96,,ON,CA,123-123-1375,1
FirstName285,LastName285,uid285,CityE,,,,ON,CA,123-123-1304,1
FirstName286,LastName286,uid286,CityA,Add96,,234419,ON,CA,231-231-3392,1
FirstName287,LastName287,uid287,CityB,,Add97,,ON,CA,123-123-1376,1
FirstName288,LastName288,uid288,CityC,,,,ON,CA,123-123-1377,1
FirstName289,LastName289,uid289,CityD,Add97,,234420,ON,CA,123-123-1305,1
FirstName290,LastName290,uid290,CityE,,Add98,,ON,CA,231-231-3393,1
FirstName291,LastName291,uid291,CityA,,,,ON,CA,123-123-1378,1
FirstName292,LastName292,uid292,CityB,Add98,,234421,ON,CA,123-123-1379,1
FirstName293,LastName293,uid293,CityC,,Add99,,ON,CA,123-123-1306,1
FirstName294,LastName294,uid294,CityD,,,,ON,CA,231-231-3394,1
FirstName295,LastName295,uid295,CityE,Add99,,234422,ON,CA,123-123-1380,1
FirstName296,LastName296,uid296,CityA,,Add100,,ON,CA,123-123-1381,1
FirstName297,LastName297,uid297,CityB,,,,ON,CA,123-123-1307,1
FirstName298,LastName298,uid298,CityC,Add100,,234423,ON,CA,231-231-3395,1
FirstName299,LastName299,uid299,CityD,,Add101,,ON,CA,123-123-1382,1
FirstName300,LastName300,uid300,CityE,,,,ON,CA,123-123-1383,1
FirstName301,LastName301,uid301,CityA,Add101,,234424,ON,CA,123-123-1308,1
FirstName302,LastName302,uid302,CityB,,Add102,,ON,CA,231-231-3396,1
FirstName303,LastName303,uid303,CityC,,,,ON,CA,123-123-1384,1
FirstName304,LastName304,uid304,CityD,Add102,,234425,ON,CA,123-123-1385,1
FirstName305,LastName305,uid305,CityE,,Add103,,ON,CA,123-123-1309,1
FirstName306,LastName306,uid306,CityA,,,,ON,CA,231-231-3397,1
FirstName307,LastName307,uid307,CityB,Add103,,234426,ON,CA,123-123-1386,1
FirstName308,LastName308,uid308,CityC,,Add104,,ON,CA,123-123-1387,1
FirstName309,LastName309,uid309,CityD,,,,ON,CA,123-123-1310,1
FirstName310,LastName310,uid310,CityE,Add104,,234427,ON,CA,231-231-3398,1
FirstName311,LastName311,uid311,CityA,,Add105,,ON,CA,123-123-1388,1
FirstName312,LastName312,uid312,CityB,,,,ON,CA,123-123-1389,1
FirstName313,LastName313,uid313,CityC,Add105,,234428,ON,CA,123-123-1311,1
FirstName314,LastName314,uid314,CityD,,Add106,,ON,CA,231-231-3399,1
FirstName315,LastName315,uid315,CityE,,,,ON,CA,123-123-1390,1
FirstName316,LastName316,uid316,CityA,Add106,,234429,ON,CA,123-123-1391,1
FirstName317,LastName317,uid317,CityB,,Add107,,ON,CA,123-123-1312,1
FirstName318,LastName318,uid318,CityC,,,,ON,CA,231-231-3400,1
FirstName319,LastName319,uid319,CityD,Add107,,234430,ON,CA,123-123-1392,1
FirstName320,LastName320,uid320,CityE,,Add108,,ON,CA,123-123-1393,1
FirstName321,LastName321,uid321,CityA,,,,ON,CA,123-123-1313,1
FirstName322,LastName322,uid322,CityB,Add108,,234431,ON,CA,231-231-3401,1
FirstName323,LastName323,uid323,CityC,,Add109,,ON,CA,123-123-1394,1
FirstName324,LastName324,uid324,CityD,,,,ON,CA,123-123-1395,1
FirstName325,LastName325,uid325,CityE,Add109,,234432,ON,CA,123-123-1314,1
FirstName326,LastName326,uid326,CityA,,Add110,,ON,CA,231-231-3402,1
FirstName327,LastName327,uid327,CityB,,,,ON,CA,123-123-1396,1
FirstName328,LastName328,uid328,CityC,Add110,,234433,ON,CA,123-123-1397,1
FirstName329,LastName329,uid329,CityD,,Add111,,ON,CA,123-123-1315,1
FirstName330,LastName330,uid330,CityE,,,,ON,CA,231-231-3403,1
FirstName331,LastName331,uid331,CityA,Add111,,234434,ON,CA,123-123-1398,1
FirstName332,LastName332,uid332,CityB,,Add112,,ON,CA,123-123-1399,1
FirstName333,LastName333,uid333,CityC,,,,ON,CA,123-123-1316,1
FirstName334,LastName334,uid334,CityD,Add112,,234435,ON,CA,231-231-3404,1
FirstName335,LastName335,uid335,CityE,,Add113,,ON,CA,123-123-1400,1
FirstName336,LastName336,uid336,CityA,,,,ON,CA,123-123-1401,1
FirstName337,LastName337,uid337,CityB,Add113,,234436,ON,CA,123-123-1317,1
FirstName338,LastName338,uid338,CityC,,Add114,,ON,CA,231-231-3405,1
FirstName339,LastName339,uid339,CityD,,,,ON,CA,123-123-1402,1
FirstName340,LastName340,uid340,CityE,Add114,,234437,ON,CA,123-123-1403,1
FirstName341,LastName341,uid341,CityA,,Add115,,ON,CA,123-123-1318,1
FirstName342,LastName342,uid342,CityB,,,,ON,CA,231-231-3406,1
FirstName343,LastName343,uid343,CityC,Add115,,234438,ON,CA,123-123-1404,1
FirstName344,LastName344,uid344,CityD,,Add116,,ON,CA,123-123-1405,1
FirstName345,LastName345,uid345,CityE,,,,ON,CA,123-123-1319,1
FirstName346,LastName346,uid346,CityA,Add116,,234439,ON,CA,231-231-3407,1
FirstName347,LastName347,uid347,CityB,,Add117,,ON,CA,123-123-1406,1
FirstName348,LastName348,uid348,CityC,,,,ON,CA,123-123-1407,1
FirstName349,LastName349,uid349,CityD,Add117,,234440,ON,CA,123-123-1320,1
FirstName350,LastName350,uid350,CityE,,Add118,,ON,CA,231-231-3408,1
FirstName351,LastName351,uid351,CityA,,,,ON,CA,123-123-1408,1
FirstName352,LastName352,uid352,CityB,Add118,,234441,ON,CA,123-123-1409,1
FirstName353,LastName353,uid353,CityC,,Add119,,ON,CA,123-123-1321,1
FirstName354,LastName354,uid354,CityD,,,,ON,CA,231-231-3409,1
FirstName355,LastName355,uid355,CityE,Add119,,234442,ON,CA,123-123-1410,1
FirstName356,LastName356,uid356,CityA,,Add120,,ON,CA,123-123-1411,1
FirstName357,LastName357,uid357,CityB,,,,ON,CA,123-123-1322,1
FirstName358,LastName358,uid358,CityC,Add120,,234443,ON,CA,231-231-3410,1
FirstName359,LastName359,uid359,CityD,,Add121,,ON,CA,123-123-1412,1
FirstName360,LastName360,uid360,CityE,,,,ON,CA,123-123-1413,1
FirstName361,LastName361,uid361,CityA,Add121,,234444,ON,CA,123-123-1323,1
FirstName362,LastName362,uid362,CityB,,Add122,,ON,CA,231-231-3411,1
FirstName363,LastName363,uid363,CityC,,,,ON,CA,123-123-1414,1
FirstName364,LastName364,uid364,CityD,Add122,,234445,ON,CA,123-123-1415,1
FirstName365,LastName365,uid365,CityE,,Add123,,ON,CA,123-123-1324,1
FirstName366,LastName366,uid366,CityA,,,,ON,CA,231-231-3412,1
FirstName367,LastName367,uid367,CityB,Add123,,234446,ON,CA,123-123-1416,1
FirstName368,LastName368,uid368,CityC,,Add124,,ON,CA,123-123-1417,1
FirstName369,LastName369,uid369,CityD,,,,ON,CA,123-123-1325,1
FirstName370,LastName370,uid370,CityE,Add124,,234447,ON,CA,231-231-3413,1
FirstName371,LastName371,uid371,CityA,,Add125,,ON,CA,123-123-1418,1
FirstName372,LastName372,uid372,CityB,,,,ON,CA,123-123-1419,1
FirstName373,LastName373,uid373,CityC,Add125,,234448,ON,CA,123-123-1326,1
FirstName374,LastName374,uid374,CityD,,Add126,,ON,CA,231-231-3414,1
FirstName375,LastName375,uid375,CityE,,,,ON,CA,123-123-1420,1
FirstName376,LastName376,uid376,CityA,Add126,,234449,ON,CA,123-123-1421,1
FirstName377,LastName377,uid377,CityB,,Add127,,ON,CA,123-123-1327,1
FirstName378,LastName378,uid378,CityC,,,,ON,CA,231-231-3415,1
FirstName379,LastName379,uid379,CityD,Add127,,234450,ON,CA,123-123-1422,1
FirstName380,LastName380,uid380,CityE,,Add128,,ON,CA,123-123-1423,1
FirstName381,LastName381,uid381,CityA,,,,ON,CA,123-123-1328,1
FirstName382,LastName382,uid382,CityB,Add128,,234451,ON,CA,231-231-3416,1
FirstName383,LastName383,uid383,CityC,,Add129,,ON,CA,123-123-1424,1
FirstName384,LastName384,uid384,CityD,,,,ON,CA,123-123-1425,1
FirstName385,LastName385,uid385,CityE,Add129,,234452,ON,CA,123-123-1329,1
FirstName386,LastName386,uid386,CityA,,Add130,,ON,CA,231-231-3417,1
FirstName387,LastName387,uid387,CityB,,,,ON,CA,123-123-1426,1
FirstName388,LastName388,uid388,CityC,Add130,,234453,ON,CA,123-123-1427,1
FirstName389,LastName389,uid389,CityD,,Add131,,ON,CA,123-123-1330,1
FirstName390,LastName390,uid390,CityE,,,,ON,CA,231-231-3418,1
FirstName391,LastName391,uid391,CityA,Add131,,234454,ON,CA,123-123-1428,1
FirstName392,LastName392,uid392,CityB,,Add132,,ON,CA,123-123-1429,1
FirstName393,LastName393,uid393,CityC,,,,ON,CA,123-123-1331,1
FirstName394,LastName394,uid394,CityD,Add132,,234455,ON,CA,231-231-3419,1
FirstName395,LastName395,uid395,CityE,,Add133,,ON,CA,123-123-1430,1
FirstName396,LastName396,uid396,CityA,,,,ON,CA,123-123-1431,1
FirstName397,LastName397,uid397,CityB,Add133,,234456,ON,CA,123-123-1332,1
FirstName398,LastName398,uid398,CityC,,Add134,,ON,CA,231-231-3420,1
FirstName399,LastName399,uid399,CityD,,,,ON,CA,123-123-1432,1
FirstName400,LastName400,uid400,CityE,Add134,,234457,ON,CA,123-123-1433,1
FirstName401,LastName401,uid401,CityA,,Add135,,ON,CA,123-123-1333,1
FirstName402,LastName402,uid402,CityB,,,,ON,CA,231-231-3421,1
FirstName403,LastName403,uid403,CityC,Add135,,234458,ON,CA,123-123-1434,1
FirstName404,LastName404,uid404,CityD,,Add136,,ON,CA,123-123-1435,1
FirstName405,LastName405,uid405,CityE,,,,ON,CA,123-123-1334,1
FirstName406,LastName406,uid406,CityA,Add136,,234459,ON,CA,231-231-3422,1
FirstName407,LastName407,uid407,CityB,,Add137,,ON,CA,123-123-1436,1
FirstName408,LastName408,uid408,CityC,,,,ON,CA,123-123-1437,1
FirstName409,LastName409,uid409,CityD,Add137,,234460,ON,CA,123-123-1335,1
FirstName410,LastName410,uid410,CityE,,Add138,,ON,CA,231-231-3423,1
FirstName411,LastName411,uid411,CityA,,,,ON,CA,123-123-1438,1
FirstName412,LastName412,uid412,CityB,Add138,,234461,ON,CA,123-123-1439,1
FirstName413,LastName413,uid413,CityC,,Add139,,ON,CA,123-123-1336,1
FirstName414,LastName414,uid414,CityD,,,,ON,CA,231-231-3424,1
FirstName415,LastName415,uid415,CityE,Add139,,234462,ON,CA,123-123-1440,1
FirstName416,LastName416,uid416,CityA,,Add140,,ON,CA,123-123-1441,1
FirstName417,LastName417,uid417,CityB,,,,ON,CA,123-123-1337,1
FirstName418,LastName418,uid418,CityC,Add140,,234463,ON,CA,231-231-3425,1
FirstName419,LastName419,uid419,CityD,,Add141,,ON,CA,123-123-1442,1
FirstName420,LastName420,uid420,CityE,,,,ON,CA,123-123-1443,1
FirstName421,LastName421,uid421,CityA,Add141,,234464,ON,CA,123-123-1338,1
FirstName422,LastName422,uid422,CityB,,Add142,,ON,CA,231-231-3426,1
FirstName423,LastName423,uid423,CityC,,,,ON,CA,123-123-1444,1
FirstName424,LastName424,uid424,CityD,Add142,,234465,ON,CA,123-123-1445,1
FirstName425,LastName425,uid425,CityE,,Add143,,ON,CA,123-123-1339,1
FirstName426,LastName426,uid426,CityA,,,,ON,CA,231-231-3427,1
FirstName427,LastName427,uid427,CityB,Add143,,234466,ON,CA,123-123-1446,1
FirstName428,LastName428,uid428,CityC,,Add144,,ON,CA,123-123-1447,1
FirstName429,LastName429,uid429,CityD,,,,ON,CA,123-123-1340,1
FirstName430,LastName430,uid430,CityE,Add144,,234467,ON,CA,231-231-3428,1
FirstName431,LastName431,uid431,CityA,,Add145,,ON,CA,123-123-1448,1
FirstName432,LastName432,uid432,CityB,,,,ON,CA,123-123-1449,1
FirstName433,LastName433,uid433,CityC,Add145,,234468,ON,CA,123-123-1341,1
FirstName434,LastName434,uid434,CityD,,Add146,,ON,CA,231-231-3429,1
FirstName435,LastName435,uid435,CityE,,,,ON,CA,123-123-1450,1
FirstName436,LastName436,uid436,CityA,Add146,,234469,ON,CA,123-123-1451,1
FirstName437,LastName437,uid437,CityB,,Add147,,ON,CA,123-123-1342,1
FirstName438,LastName438,uid438,CityC,,,,ON,CA,231-231-3430,1
FirstName439,LastName439,uid439,CityD,Add147,,234470,ON,CA,123-123-1452,1
FirstName440,LastName440,uid440,CityE,,Add148,,ON,CA,123-123-1453,1
FirstName441,LastName441,uid441,CityA,,,,ON,CA,123-123-1343,1
FirstName442,LastName442,uid442,CityB,Add148,,234471,ON,CA,231-231-3431,1
FirstName443,LastName443,uid443,CityC,,Add149,,ON,CA,123-123-1454,1
FirstName444,LastName444,uid444,CityD,,,,ON,CA,123-123-1455,1
FirstName445,LastName445,uid445,CityE,Add149,,234472,ON,CA,123-123-1344,1
FirstName446,LastName446,uid446,CityA,,Add150,,ON,CA,231-231-3432,1
FirstName447,LastName447,uid447,CityB,,,,ON,CA,123-123-1456,1
FirstName448,LastName448,uid448,CityC,Add150,,234473,ON,CA,123-123-1457,1
FirstName449,LastName449,uid449,CityD,,Add151,,ON,CA,123-123-1345,1
FirstName450,LastName450,uid450,CityE,,,,ON,CA,231-231-3433,1
FirstName451,LastName451,uid451,CityA,Add151,,234474,ON,CA,123-123-1458,1
FirstName452,LastName452,uid452,CityB,,Add152,,ON,CA,123-123-1459,1
FirstName453,LastName453,uid453,CityC,,,,ON,CA,123-123-1346,1
FirstName454,LastName454,uid454,CityD,Add152,,234475,ON,CA,231-231-3434,1
FirstName455,LastName455,uid455,CityE,,Add153,,ON,CA,123-123-1460,1
FirstName456,LastName456,uid456,CityA,,,,ON,CA,123-123-1461,1
FirstName457,LastName457,uid457,CityB,Add153,,234476,ON,CA,123-123-1347,1
FirstName458,LastName458,uid458,CityC,,Add154,,ON,CA,231-231-3435,1
FirstName459,LastName459,uid459,CityD,,,,ON,CA,123-123-1462,1
FirstName460,LastName460,uid460,CityE,Add154,,234477,ON,CA,123-123-1463,1
FirstName461,LastName461,uid461,CityA,,Add155,,ON,CA,123-123-1348,1
FirstName462,LastName462,uid462,CityB,,,,ON,CA,231-231-3436,1
FirstName463,LastName463,uid463,CityC,Add155,,234478,ON,CA,123-123-1464,1
FirstName464,LastName464,uid464,CityD,,Add156,,ON,CA,123-123-1465,1
FirstName465,LastName465,uid465,CityE,,,,ON,CA,123-123-1349,1
FirstName466,LastName466,uid466,CityA,Add156,,234479,ON,CA,231-231-3437,1
FirstName467,LastName467,uid467,CityB,,Add157,,ON,CA,123-123-1466,1
FirstName468,LastName468,uid468,CityC,,,,ON,CA,123-123-1467,1
FirstName469,LastName469,uid469,CityD,Add157,,234480,ON,CA,123-123-1350,1
FirstName470,LastName470,uid470,CityE,,Add158,,ON,CA,231-231-3438,1
FirstName471,LastName471,uid471,CityA,,,,ON,CA,123-123-1468,1
FirstName472,LastName472,uid472,CityB,Add158,,234481,ON,CA,123-123-1469,1
FirstName473,LastName473,uid473,CityC,,Add159,,ON,CA,123-123-1351,1
FirstName474,LastName474,uid474,CityD,,,,ON,CA,231-231-3439,1
FirstName475,LastName475,uid475,CityE,Add159,,234482,ON,CA,123-123-1470,1
FirstName476,LastName476,uid476,CityA,,Add160,,ON,CA,123-123-1471,1
FirstName477,LastName477,uid477,CityB,,,,ON,CA,123-123-1352,1
FirstName478,LastName478,uid478,CityC,Add160,,234483,ON,CA,231-231-3440,1
FirstName479,LastName479,uid479,CityD,,Add161,,ON,CA,123-123-1472,1
FirstName480,LastName480,uid480,CityE,,,,ON,CA,123-123-1473,1
FirstName481,LastName481,uid481,CityA,Add161,,234484,ON,CA,123-123-1353,1
FirstName482,LastName482,uid482,CityB,,Add162,,ON,CA,231-231-3441,1
FirstName483,LastName483,uid483,CityC,,,,ON,CA,123-123-1474,1
FirstName484,LastName484,uid484,CityD,Add162,,234485,ON,CA,123-123-1475,1
FirstName485,LastName485,uid485,CityE,,Add163,,ON,CA,123-123-1354,1
FirstName486,LastName486,uid486,CityA,,,,ON,CA,231-231-3442,1
FirstName487,LastName487,uid487,CityB,Add163,,234486,ON,CA,123-123-1476,1
FirstName488,LastName488,uid488,CityC,,Add164,,ON,CA,123-123-1477,1
FirstName489,LastName489,uid489,CityD,,,,ON,CA,123-123-1355,1
FirstName490,LastName490,uid490,CityE,Add164,,234487,ON,CA,231-231-3443,1
FirstName491,LastName491,uid491,CityA,,Add165,,ON,CA,123-123-1478,1
FirstName492,LastName492,uid492,CityB,,,,ON,CA,123-123-1479,1
FirstName493,LastName493,uid493,CityC,Add165,,234488,ON,CA,123-123-1356,1
FirstName494,LastName494,uid494,CityD,,Add166,,ON,CA,231-231-3444,1
FirstName495,LastName495,uid495,CityE,,,,ON,CA,123-123-1480,1
FirstName496,LastName496,uid496,CityA,Add166,,234489,ON,CA,123-123-1481,1
FirstName497,LastName497,uid497,CityB,,Add167,,ON,CA,123-123-1357,1
FirstName498,LastName498,uid498,CityC,,,,ON,CA,231-231-3445,1
FirstName499,LastName499,uid499,CityD,Add167,,234490,ON,CA,123-123-1482,1
FirstName500,LastName500,uid500,CityE,,Add168,,ON,CA,123-123-1483,1
FirstName501,LastName501,uid501,CityA,,,,ON,CA,123-123-1358,1
FirstName502,LastName502,uid502,CityB,Add168,,234491,ON,CA,231-231-3446,1
FirstName503,LastName503,uid503,CityC,,Add169,,ON,CA,123-123-1484,1
FirstName504,LastName504,uid504,CityD,,,,ON,CA,123-123-1485,1
FirstName505,LastName505,uid505,CityE,Add169,,234492,ON,CA,123-123-1359,1
FirstName506,LastName506,uid506,CityA,,Add170,,ON,CA,231-231-3447,1
FirstName507,LastName507,uid507,CityB,,,,ON,CA,123-123-1486,1
FirstName508,LastName508,uid508,CityC,Add170,,234493,ON,CA,123-123-1487,1
FirstName509,LastName509,uid509,CityD,,Add171,,ON,CA,123-123-1360,1
FirstName510,LastName510,uid510,CityE,,,,ON,CA,231-231-3448,1
FirstName511,LastName511,uid511,CityA,Add171,,234494,ON,CA,123-123-1488,1
FirstName512,LastName512,uid512,CityB,,Add172,,ON,CA,123-123-1489,1
FirstName513,LastName513,uid513,CityC,,,,ON,CA,123-123-1361,1
FirstName514,LastName514,uid514,CityD,Add172,,234495,ON,CA,231-231-3449,1
FirstName515,LastName515,uid515,CityE,,Add173,,ON,CA,123-123-1490,1
FirstName516,LastName516,uid516,CityA,,,,ON,CA,123-123-1491,1
FirstName517,LastName517,uid517,CityB,Add173,,234496,ON,CA,123-123-1362,1
FirstName518,LastName518,uid518,CityC,,Add174,,ON,CA,231-231-3450,1
FirstName519,LastName519,uid519,CityD,,,,ON,CA,123-123-1492,1
FirstName520,LastName520,uid520,CityE,Add174,,234497,ON,CA,123-123-1493,1
FirstName521,LastName521,uid521,CityA,,Add175,,ON,CA,123-123-1363,1
FirstName522,LastName522,uid522,CityB,,,,ON,CA,231-231-3451,1
FirstName523,LastName523,uid523,CityC,Add175,,234498,ON,CA,123-123-1494,1
FirstName524,LastName524,uid524,CityD,,Add176,,ON,CA,123-123-1495,1
FirstName525,LastName525,uid525,CityE,,,,ON,CA,123-123-1364,1
FirstName526,LastName526,uid526,CityA,Add176,,234499,ON,CA,231-231-3452,1
FirstName527,LastName527,uid527,CityB,,Add177,,ON,CA,123-123-1496,1
FirstName528,LastName528,uid528,CityC,,,,ON,CA,123-123-1497,1
FirstName529,LastName529,uid529,CityD,Add177,,234500,ON,CA,123-123-1365,1
FirstName530,LastName530,uid530,CityE,,Add178,,ON,CA,231-231-3453,1
FirstName531,LastName531,uid531,CityA,,,,ON,CA,123-123-1498,1
FirstName532,LastName532,uid532,CityB,Add178,,234501,ON,CA,123-123-1499,1
FirstName533,LastName533,uid533,CityC,,Add179,,ON,CA,123-123-1366,1
FirstName534,LastName534,uid534,CityD,,,,ON,CA,231-231-3454,1
FirstName535,LastName535,uid535,CityE,Add179,,234502,ON,CA,123-123-1500,1
FirstName536,LastName536,uid536,CityA,,Add180,,ON,CA,123-123-1501,1
FirstName537,LastName537,uid537,CityB,,,,ON,CA,123-123-1367,1
FirstName538,LastName538,uid538,CityC,Add180,,234503,ON,CA,231-231-3455,1
FirstName539,LastName539,uid539,CityD,,Add181,,ON,CA,123-123-1502,1
FirstName540,LastName540,uid540,CityE,,,,ON,CA,123-123-1503,1
FirstName541,LastName541,uid541,CityA,Add181,,234504,ON,CA,123-123-1368,1
FirstName542,LastName542,uid542,CityB,,Add182,,ON,CA,231-231-3456,1
FirstName543,LastName543,uid543,CityC,,,,ON,CA,123-123-1504,1
FirstName544,LastName544,uid544,CityD,Add182,,234505,ON,CA,123-123-1505,1
FirstName545,LastName545,uid545,CityE,,Add183,,ON,CA,123-123-1369,1
FirstName546,LastName546,uid546,CityA,,,,ON,CA,231-231-3457,1
FirstName547,LastName547,uid547,CityB,Add183,,234506,ON,CA,123-123-1506,1
FirstName548,LastName548,uid548,CityC,,Add184,,ON,CA,123-123-1507,1
FirstName549,LastName549,uid549,CityD,,,,ON,CA,123-123-1370,1
FirstName550,LastName550,uid550,CityE,Add184,,234507,ON,CA,231-231-3458,1
FirstName551,LastName551,uid551,CityA,,Add185,,ON,CA,123-123-1508,1
FirstName552,LastName552,uid552,CityB,,,,ON,CA,123-123-1509,1
FirstName553,LastName553,uid553,CityC,Add185,,234508,ON,CA,123-123-1371,1
FirstName554,LastName554,uid554,CityD,,Add186,,ON,CA,231-231-3459,1
FirstName555,LastName555,uid555,CityE,,,,ON,CA,123-123-1510,1
FirstName556,LastName556,uid556,CityA,Add186,,234509,ON,CA,123-123-1511,1
FirstName557,LastName557,uid557,CityB,,Add187,,ON,CA,123-123-1372,1
FirstName558,LastName558,uid558,CityC,,,,ON,CA,231-231-3460,1
FirstName559,LastName559,uid559,CityD,Add187,,234510,ON,CA,123-123-1512,1
FirstName560,LastName560,uid560,CityE,,Add188,,ON,CA,123-123-1513,1
FirstName561,LastName561,uid561,CityA,,,,ON,CA,123-123-1373,1
FirstName562,LastName562,uid562,CityB,Add188,,234511,ON,CA,231-231-3461,1
FirstName563,LastName563,uid563,CityC,,Add189,,ON,CA,123-123-1514,1
FirstName564,LastName564,uid564,CityD,,,,ON,CA,123-123-1515,1
FirstName565,LastName565,uid565,CityE,Add189,,234512,ON,CA,123-123-1374,1
FirstName566,LastName566,uid566,CityA,,Add190,,ON,CA,231-231-3462,1
FirstName567,LastName567,uid567,CityB,,,,ON,CA,123-123-1516,1
FirstName568,LastName568,uid568,CityC,Add190,,234513,ON,CA,123-123-1517,1
FirstName569,LastName569,uid569,CityD,,Add191,,ON,CA,123-123-1375,1
FirstName570,LastName570,uid570,CityE,,,,ON,CA,231-231-3463,1
FirstName571,LastName571,uid571,CityA,Add191,,234514,ON,CA,123-123-1518,1
FirstName572,LastName572,uid572,CityB,,Add192,,ON,CA,123-123-1519,1
FirstName573,LastName573,uid573,CityC,,,,ON,CA,123-123-1376,1
FirstName574,LastName574,uid574,CityD,Add192,,234515,ON,CA,231-231-3464,1
FirstName575,LastName575,uid575,CityE,,Add193,,ON,CA,123-123-1520,1
FirstName576,LastName576,uid576,CityA,,,,ON,CA,123-123-1521,1
FirstName577,LastName577,uid577,CityB,Add193,,234516,ON,CA,123-123-1377,1
FirstName578,LastName578,uid578,CityC,,Add194,,ON,CA,231-231-3465,1
FirstName579,LastName579,uid579,CityD,,,,ON,CA,123-123-1522,1
FirstName580,LastName580,uid580,CityE,Add194,,234517,ON,CA,123-123-1523,1
FirstName581,LastName581,uid581,CityA,,Add195,,ON,CA,123-123-1378,1
FirstName582,LastName582,uid582,CityB,,,,ON,CA,231-231-3466,1
FirstName583,LastName583,uid583,CityC,Add195,,234518,ON,CA,123-123-1524,1
FirstName584,LastName584,uid584,CityD,,Add196,,ON,CA,123-123-1525,1
FirstName585,LastName585,uid585,CityE,,,,ON,CA,123-123-1379,1
FirstName586,LastName586,uid586,CityA,Add196,,234519,ON,CA,231-231-3467,1
FirstName587,LastName587,uid587,CityB,,Add197,,ON,CA,123-123-1526,1
FirstName588,LastName588,uid588,CityC,,,,ON,CA,123-123-1527,1
FirstName589,LastName589,uid589,CityD,Add197,,234520,ON,CA,123-123-1380,1
FirstName590,LastName590,uid590,CityE,,Add198,,ON,CA,231-231-3468,1
FirstName591,LastName591,uid591,CityA,,,,ON,CA,123-123-1528,1
FirstName592,LastName592,uid592,CityB,Add198,,234521,ON,CA,123-123-1529,1
FirstName593,LastName593,uid593,CityC,,Add199,,ON,CA,123-123-1381,1
FirstName594,LastName594,uid594,CityD,,,,ON,CA,231-231-3469,1
FirstName595,LastName595,uid595,CityE,Add199,,234522,ON,CA,123-123-1530,1
FirstName596,LastName596,uid596,CityA,,Add200,,ON,CA,123-123-1531,1
FirstName597,LastName597,uid597,CityB,,,,ON,CA,123-123-1382,1
FirstName598,LastName598,uid598,CityC,Add200,,234523,ON,CA,231-231-3470,1
FirstName599,LastName599,uid599,CityD,,Add201,,ON,CA,123-123-1532,1
FirstName600,LastName600,uid600,CityE,,,,ON,CA,123-123-1533,1
FirstName601,LastName601,uid601,CityA,Add201,,234524,ON,CA,123-123-1383,1
FirstName602,LastName602,uid602,CityB,,Add202,,ON,CA,231-231-3471,1
FirstName603,LastName603,uid603,CityC,,,,ON,CA,123-123-1534,1
FirstName604,LastName604,uid604,CityD,Add202,,234525,ON,CA,123-123-1535,1
FirstName605,LastName605,uid605,CityE,,Add203,,ON,CA,123-123-1384,1
FirstName606,LastName606,uid606,CityA,,,,ON,CA,231-231-3472,1
FirstName607,LastName607,uid607,CityB,Add203,,234526,ON,CA,123-123-1536,1
FirstName608,LastName608,uid608,CityC,,Add204,,ON,CA,123-123-1537,1
FirstName609,LastName609,uid609,CityD,,,,ON,CA,123-123-1385,1
FirstName610,LastName610,uid610,CityE,Add204,,234527,ON,CA,231-231-3473,1
FirstName611,LastName611,uid611,CityA,,Add205,,ON,CA,123-123-1538,1
FirstName612,LastName612,uid612,CityB,,,,ON,CA,123-123-1539,1
FirstName613,LastName613,uid613,CityC,Add205,,234528,ON,CA,123-123-1386,1
FirstName614,LastName614,uid614,CityD,,Add206,,ON,CA,231-231-3474,1
FirstName615,LastName615,uid615,CityE,,,,ON,CA,123-123-1540,1
FirstName616,LastName616,uid616,CityA,Add206,,234529,ON,CA,123-123-1541,1
FirstName617,LastName617,uid617,CityB,,Add207,,ON,CA,123-123-1387,1
FirstName618,LastName618,uid618,CityC,,,,ON,CA,231-231-3475,1
FirstName619,LastName619,uid619,CityD,Add207,,234530,ON,CA,123-123-1542,1
FirstName620,LastName620,uid620,CityE,,Add208,,ON,CA,123-123-1543,1
FirstName621,LastName621,uid621,CityA,,,,ON,CA,123-123-1388,1
FirstName622,LastName622,uid622,CityB,Add208,,234531,ON,CA,231-231-3476,1
FirstName623,LastName623,uid623,CityC,,Add209,,ON,CA,123-123-1544,1
FirstName624,LastName624,uid624,CityD,,,,ON,CA,123-123-1545,1
FirstName625,LastName625,uid625,CityE,Add209,,234532,ON,CA,123-123-1389,1
FirstName626,LastName626,uid626,CityA,,Add210,,ON,CA,231-231-3477,1
FirstName627,LastName627,uid627,CityB,,,,ON,CA,123-123-1546,1
FirstName628,LastName628,uid628,CityC,Add210,,234533,ON,CA,123-123-1547,1
FirstName629,LastName629,uid629,CityD,,Add211,,ON,CA,123-123-1390,1
FirstName630,LastName630,uid630,CityE,,,,ON,CA,231-231-3478,1
FirstName631,LastName631,uid631,CityA,Add211,,234534,ON,CA,123-123-1548,1
FirstName632,LastName632,uid632,CityB,,Add212,,ON,CA,123-123-1549,1
FirstName633,LastName633,uid633,CityC,,,,ON,CA,123-123-1391,1
FirstName634,LastName634,uid634,CityD,Add212,,234535,ON,CA,231-231-3479,1
FirstName635,LastName635,uid635,CityE,,Add213,,ON,CA,123-123-1550,1
FirstName636,LastName636,uid636,CityA,,,,ON,CA,123-123-1551,1
FirstName637,LastName637,uid637,CityB,Add213,,234536,ON,CA,123-123-1392,1
FirstName638,LastName638,uid638,CityC,,Add214,,ON,CA,231-231-3480,1
FirstName639,LastName639,uid639,CityD,,,,ON,CA,123-123-1552,1
FirstName640,LastName640,uid640,CityE,Add214,,234537,ON,CA,123-123-1553,1
FirstName641,LastName641,uid641,CityA,,Add215,,ON,CA,123-123-1393,1
FirstName642,LastName642,uid642,CityB,,,,ON,CA,231-231-3481,1
FirstName643,LastName643,uid643,CityC,Add215,,234538,ON,CA,123-123-1554,1
FirstName644,LastName644,uid644,CityD,,Add216,,ON,CA,123-123-1555,1
FirstName645,LastName645,uid645,CityE,,,,ON,CA,123-123-1394,1
FirstName646,LastName646,uid646,CityA,Add216,,234539,ON,CA,231-231-3482,1
FirstName647,LastName647,uid647,CityB,,Add217,,ON,CA,123-123-1556,1
FirstName648,LastName648,uid648,CityC,,,,ON,CA,123-123-1557,1
FirstName649,LastName649,uid649,CityD,Add217,,234540,ON,CA,123-123-1395,1
FirstName650,LastName650,uid650,CityE,,Add218,,ON,CA,231-231-3483,1
FirstName651,LastName651,uid651,CityA,,,,ON,CA,123-123-1558,1
FirstName652,LastName652,uid652,CityB,Add218,,234541,ON,CA,123-123-1559,1
FirstName653,LastName653,uid653,CityC,,Add219,,ON,CA,123-123-1396,1
FirstName654,LastName654,uid654,CityD,,,,ON,CA,231-231-3484,1
FirstName655,LastName655,uid655,CityE,Add219,,234542,ON,CA,123-123-1560,1
FirstName656,LastName656,uid656,CityA,,Add220,,ON,CA,123-123-1561,1
FirstName657,LastName657,uid657,CityB,,,,ON,CA,123-123-1397,1
FirstName658,LastName658,uid658,CityC,Add220,,234543,ON,CA,231-231-3485,1
FirstName659,LastName659,uid659,CityD,,Add221,,ON,CA,123-123-1562,1
FirstName660,LastName660,uid660,CityE,,,,ON,CA,123-123-1563,1
FirstName661,LastName661,uid661,CityA,Add221,,234544,ON,CA,123-123-1398,1
FirstName662,LastName662,uid662,CityB,,Add222,,ON,CA,231-231-3486,1
FirstName663,LastName663,uid663,CityC,,,,ON,CA,123-123-1564,1
FirstName664,LastName664,uid664,CityD,Add222,,234545,ON,CA,123-123-1565,1
FirstName665,LastName665,uid665,CityE,,Add223,,ON,CA,123-123-1399,1
FirstName666,LastName666,uid666,CityA,,,,ON,CA,231-231-3487,1
FirstName667,LastName667,uid667,CityB,Add223,,234546,ON,CA,123-123-1566,1
FirstName668,LastName668,uid668,CityC,,Add224,,ON,CA,123-123-1567,1
FirstName669,LastName669,uid669,CityD,,,,ON,CA,123-123-1400,1
FirstName670,LastName670,uid670,CityE,Add224,,234547,ON,CA,231-231-3488,1
FirstName671,LastName671,uid671,CityA,,Add225,,ON,CA,123-123-1568,1
FirstName672,LastName672,uid672,CityB,,,,ON,CA,123-123-1569,1
FirstName673,LastName673,uid673,CityC,Add225,,234548,ON,CA,123-123-1401,1
FirstName674,LastName674,uid674,CityD,,Add226,,ON,CA,231-231-3489,1
FirstName675,LastName675,uid675,CityE,,,,ON,CA,123-123-1570,1
FirstName676,LastName676,uid676,CityA,Add226,,234549,ON,CA,123-123-1571,1
FirstName677,LastName677,uid677,CityB,,Add227,,ON,CA,123-123-1402,1
FirstName678,LastName678,uid678,CityC,,,,ON,CA,231-231-3490,1
FirstName679,LastName679,uid679,CityD,Add227,,234550,ON,CA,123-123-1572,1
FirstName680,LastName680,uid680,CityE,,Add228,,ON,CA,123-123-1573,1
FirstName681,LastName681,uid681,CityA,,,,ON,CA,123-123-1403,1
FirstName682,LastName682,uid682,CityB,Add228,,234551,ON,CA,231-231-3491,1
FirstName683,LastName683,uid683,CityC,,Add229,,ON,CA,123-123-1574,1
FirstName684,LastName684,uid684,CityD,,,,ON,CA,123-123-1575,1
FirstName685,LastName685,uid685,CityE,Add229,,234552,ON,CA,123-123-1404,1
FirstName686,LastName686,uid686,CityA,,Add230,,ON,CA,231-231-3492,1
FirstName687,LastName687,uid687,CityB,,,,ON,CA,123-123-1576,1
FirstName688,LastName688,uid688,CityC,Add230,,234553,ON,CA,123-123-1577,1
FirstName689,LastName689,uid689,CityD,,Add231,,ON,CA,123-123-1405,1
FirstName690,LastName690,uid690,CityE,,,,ON,CA,231-231-3493,1
FirstName691,LastName691,uid691,CityA,Add231,,234554,ON,CA,123-123-1578,1
FirstName692,LastName692,uid692,CityB,,Add232,,ON,CA,123-123-1579,1
FirstName693,LastName693,uid693,CityC,,,,ON,CA,123-123-1406,1
FirstName694,LastName694,uid694,CityD,Add232,,234555,ON,CA,231-231-3494,1
FirstName695,LastName695,uid695,CityE,,Add233,,ON,CA,123-123-1580,1
FirstName696,LastName696,uid696,CityA,,,,ON,CA,123-123-1581,1
FirstName697,LastName697,uid697,CityB,Add233,,234556,ON,CA,123-123-1407,1
FirstName698,LastName698,uid698,CityC,,Add234,,ON,CA,231-231-3495,1
FirstName699,LastName699,uid699,CityD,,,,ON,CA,123-123-1582,1
FirstName700,LastName700,uid700,CityE,Add234,,234557,ON,CA,123-123-1583,1
FirstName701,LastName701,uid701,CityA,,Add235,,ON,CA,123-123-1408,1
FirstName702,LastName702,uid702,CityB,,,,ON,CA,231-231-3496,1
FirstName703,LastName703,uid703,CityC,Add235,,234558,ON,CA,123-123-1584,1
FirstName704,LastName704,uid704,CityD,,Add236,,ON,CA,123-123-1585,1
FirstName705,LastName705,uid705,CityE,,,,ON,CA,123-123-1409,1
FirstName706,LastName706,uid706,CityA,Add236,,234559,ON,CA,231-231-3497,1
FirstName707,LastName707,uid707,CityB,,Add237,,ON,CA,123-123-1586,1
FirstName708,LastName708,uid708,CityC,,,,ON,CA,123-123-1587,1
FirstName709,LastName709,uid709,CityD,Add237,,234560,ON,CA,123-123-1410,1
FirstName710,LastName710,uid710,CityE,,Add238,,ON,CA,231-231-3498,1
FirstName711,LastName711,uid711,CityA,,,,ON,CA,123-123-1588,1
FirstName712,LastName712,uid712,CityB,Add238,,234561,ON,CA,123-123-1589,1
FirstName713,LastName713,uid713,CityC,,Add239,,ON,CA,123-123-1411,1
FirstName714,LastName714,uid714,CityD,,,,ON,CA,231-231-3499,1
FirstName715,LastName715,uid715,CityE,Add239,,234562,ON,CA,123-123-1590,1
FirstName716,LastName716,uid716,CityA,,Add240,,ON,CA,123-123-1591,1
FirstName717,LastName717,uid717,CityB,,,,ON,CA,123-123-1412,1
FirstName718,LastName718,uid718,CityC,Add240,,234563,ON,CA,231-231-3500,1
FirstName719,LastName719,uid719,CityD,,Add241,,ON,CA,123-123-1592,1
FirstName720,LastName720,uid720,CityE,,,,ON,CA,123-123-1593,1
FirstName721,LastName721,uid721,CityA,Add241,,234564,ON,CA,123-123-1413,1
FirstName722,LastName722,uid722,CityB,,Add242,,ON,CA,231-231-3501,1
FirstName723,LastName723,uid723,CityC,,,,ON,CA,123-123-1594,1
FirstName724,LastName724,uid724,CityD,Add242,,234565,ON,CA,123-123-1595,1
FirstName725,LastName725,uid725,CityE,,Add243,,ON,CA,123-123-1414,1
FirstName726,LastName726,uid726,CityA,,,,ON,CA,231-231-3502,1
FirstName727,LastName727,uid727,CityB,Add243,,234566,ON,CA,123-123-1596,1
FirstName728,LastName728,uid728,CityC,,Add244,,ON,CA,123-123-1597,1
FirstName729,LastName729,uid729,CityD,,,,ON,CA,123-123-1415,1
FirstName730,LastName730,uid730,CityE,Add244,,234567,ON,CA,231-231-3503,1
FirstName731,LastName731,uid731,CityA,,Add245,,ON,CA,123-123-1598,1
FirstName732,LastName732,uid732,CityB,,,,ON,CA,123-123-1599,1
FirstName733,LastName733,uid733,CityC,Add245,,234568,ON,CA,123-123-1416,1
FirstName734,LastName734,uid734,CityD,,Add246,,ON,CA,231-231-3504,1
FirstName735,LastName735,uid735,CityE,,,,ON,CA,123-123-1600,1
FirstName736,LastName736,uid736,CityA,Add246,,234569,ON,CA,123-123-1601,1
FirstName737,LastName737,uid737,CityB,,Add247,,ON,CA,123-123-1417,1
FirstName738,LastName738,uid738,CityC,,,,ON,CA,231-231-3505,1
FirstName739,LastName739,uid739,CityD,Add247,,234570,ON,CA,123-123-1602,1
FirstName740,LastName740,uid740,CityE,,Add248,,ON,CA,123-123-1603,1
FirstName741,LastName741,uid741,CityA,,,,ON,CA,123-123-1418,1
FirstName742,LastName742,uid742,CityB,Add248,,234571,ON,CA,231-231-3506,1
FirstName743,LastName743,uid743,CityC,,Add249,,ON,CA,123-123-1604,1
FirstName744,LastName744,uid744,CityD,,,,ON,CA,123-123-1605,1
FirstName745,LastName745,uid745,CityE,Add249,,234572,ON,CA,123-123-1419,1
FirstName746,LastName746,uid746,CityA,,Add250,,ON,CA,231-231-3507,1
FirstName747,LastName747,uid747,CityB,,,,ON,CA,123-123-1606,1
FirstName748,LastName748,uid748,CityC,Add250,,234573,ON,CA,123-123-1607,1
FirstName749,LastName749,uid749,CityD,,Add251,,ON,CA,123-123-1420,1
FirstName750,LastName750,uid750,CityE,,,,ON,CA,231-231-3508,1
FirstName751,LastName751,uid751,CityA,Add251,,234574,ON,CA,123-123-1608,1
FirstName752,LastName752,uid752,CityB,,Add252,,ON,CA,123-123-1609,1
FirstName753,LastName753,uid753,CityC,,,,ON,CA,123-123-1421,1
FirstName754,LastName754,uid754,CityD,Add252,,234575,ON,CA,231-231-3509,1
FirstName755,LastName755,uid755,CityE,,Add253,,ON,CA,123-123-1610,1
FirstName756,LastName756,uid756,CityA,,,,ON,CA,123-123-1611,1
FirstName757,LastName757,uid757,CityB,Add253,,234576,ON,CA,123-123-1422,1
FirstName758,LastName758,uid758,CityC,,Add254,,ON,CA,231-231-3510,1
FirstName759,LastName759,uid759,CityD,,,,ON,CA,123-123-1612,1
FirstName760,LastName760,uid760,CityE,Add254,,234577,ON,CA,123-123-1613,1
FirstName761,LastName761,uid761,CityA,,Add255,,ON,CA,123-123-1423,1
FirstName762,LastName762,uid762,CityB,,,,ON,CA,231-231-3511,1
FirstName763,LastName763,uid763,CityC,Add255,,234578,ON,CA,123-123-1614,1
FirstName764,LastName764,uid764,CityD,,Add256,,ON,CA,123-123-1615,1
FirstName765,LastName765,uid765,CityE,,,,ON,CA,123-123-1424,1
FirstName766,LastName766,uid766,CityA,Add256,,234579,ON,CA,231-231-3512,1
FirstName767,LastName767,uid767,CityB,,Add257,,ON,CA,123-123-1616,1
FirstName768,LastName768,uid768,CityC,,,,ON,CA,123-123-1617,1
FirstName769,LastName769,uid769,CityD,Add257,,234580,ON,CA,123-123-1425,1
FirstName770,LastName770,uid770,CityE,,Add258,,ON,CA,231-231-3513,1
FirstName771,LastName771,uid771,CityA,,,,ON,CA,123-123-1618,1
FirstName772,LastName772,uid772,CityB,Add258,,234581,ON,CA,123-123-1619,1
FirstName773,LastName773,uid773,CityC,,Add259,,ON,CA,123-123-1426,1
FirstName774,LastName774,uid774,CityD,,,,ON,CA,231-231-3514,1
FirstName775,LastName775,uid775,CityE,Add259,,234582,ON,CA,123-123-1620,1
FirstName776,LastName776,uid776,CityA,,Add260,,ON,CA,123-123-1621,1
FirstName777,LastName777,uid777,CityB,,,,ON,CA,123-123-1427,1
FirstName778,LastName778,uid778,CityC,Add260,,234583,ON,CA,231-231-3515,1
FirstName779,LastName779,uid779,CityD,,Add261,,ON,CA,123-123-1622,1
FirstName780,LastName780,uid780,CityE,,,,ON,CA,123-123-1623,1
FirstName781,LastName781,uid781,CityA,Add261,,234584,ON,CA,123-123-1428,1
FirstName782,LastName782,uid782,CityB,,Add262,,ON,CA,231-231-3516,1
FirstName783,LastName783,uid783,CityC,,,,ON,CA,123-123-1624,1
FirstName784,LastName784,uid784,CityD,Add262,,234585,ON,CA,123-123-1625,1
FirstName785,LastName785,uid785,CityE,,Add263,,ON,CA,123-123-1429,0
FirstName786,LastName786,uid786,CityA,,,,ON,CA,231-231-3517,0
FirstName787,LastName787,uid787,CityB,Add263,,234586,ON,CA,123-123-1626,0
FirstName788,LastName788,uid788,CityC,,Add264,,ON,CA,123-123-1627,0
FirstName789,LastName789,uid789,CityD,,,,ON,CA,123-123-1430,0
FirstName790,LastName790,uid790,CityE,Add264,,234587,ON,CA,231-231-3518,0
FirstName791,LastName791,uid791,CityA,,Add265,,ON,CA,123-123-1628,0
FirstName792,LastName792,uid792,CityB,,,,ON,CA,123-123-1629,0
FirstName793,LastName793,uid793,CityC,Add265,,234588,ON,CA,123-123-1431,0
FirstName794,LastName794,uid794,CityD,,Add266,,ON,CA,231-231-3519,0
FirstName795,LastName795,uid795,CityE,,,,ON,CA,123-123-1630,0
FirstName796,LastName796,uid796,CityA,Add266,,234589,ON,CA,123-123-1631,0
FirstName797,LastName797,uid797,CityB,,Add267,,ON,CA,123-123-1432,0
FirstName798,LastName798,uid798,CityC,,,,ON,CA,231-231-3520,1
FirstName799,LastName799,uid799,CityD,Add267,,234590,ON,CA,123-123-1632,1
FirstName800,LastName800,uid800,CityE,,Add268,,ON,CA,123-123-1633,1
FirstName801,LastName801,uid801,CityA,,,,ON,CA,123-123-1433,1
FirstName802,LastName802,uid802,CityB,Add268,,234591,ON,CA,231-231-3521,1
FirstName803,LastName803,uid803,CityC,,Add269,,ON,CA,123-123-1634,1
FirstName804,LastName804,uid804,CityD,,,,ON,CA,123-123-1635,1
FirstName805,LastName805,uid805,CityE,Add269,,234592,ON,CA,123-123-1434,1
FirstName806,LastName806,uid806,CityA,,Add270,,ON,CA,231-231-3522,1
FirstName807,LastName807,uid807,CityB,,,,ON,CA,123-123-1636,1
FirstName808,LastName808,uid808,CityC,Add270,,234593,ON,CA,123-123-1637,1
FirstName809,LastName809,uid809,CityD,,Add271,,ON,CA,123-123-1435,1
FirstName810,LastName810,uid810,CityE,,,,ON,CA,231-231-3523,1
FirstName811,LastName811,uid811,CityA,Add271,,234594,ON,CA,123-123-1638,1
FirstName812,LastName812,uid812,CityB,,Add272,,ON,CA,123-123-1639,1
FirstName813,LastName813,uid813,CityC,,,,ON,CA,123-123-1436,1
FirstName814,LastName814,uid814,CityD,Add272,,234595,ON,CA,231-231-3524,1
FirstName815,LastName815,uid815,CityE,,Add273,,ON,CA,123-123-1640,1
FirstName816,LastName816,uid816,CityA,,,,ON,CA,123-123-1641,1
FirstName817,LastName817,uid817,CityB,Add273,,234596,ON,CA,123-123-1437,1
FirstName818,LastName818,uid818,CityC,,Add274,,ON,CA,231-231-3525,1
FirstName819,LastName819,uid819,CityD,,,,ON,CA,123-123-1642,1
FirstName820,LastName820,uid820,CityE,Add274,,234597,ON,CA,123-123-1643,1
FirstName821,LastName821,uid821,CityA,,Add275,,ON,CA,123-123-1438,1
FirstName822,LastName822,uid822,CityB,,,,ON,CA,231-231-3526,1
FirstName823,LastName823,uid823,CityC,Add275,,234598,ON,CA,123-123-1644,1
FirstName824,LastName824,uid824,CityD,,Add276,,ON,CA,123-123-1645,1
FirstName825,LastName825,uid825,CityE,,,,ON,CA,123-123-1439,1
FirstName826,LastName826,uid826,CityA,Add276,,234599,ON,CA,231-231-3527,1
FirstName827,LastName827,uid827,CityB,,Add277,,ON,CA,123-123-1646,1
FirstName828,LastName828,uid828,CityC,,,,ON,CA,123-123-1647,1
FirstName829,LastName829,uid829,CityD,Add277,,234600,ON,CA,123-123-1440,1
FirstName830,LastName830,uid830,CityE,,Add278,,ON,CA,231-231-3528,1
FirstName831,LastName831,uid831,CityA,,,,ON,CA,123-123-1648,1
FirstName832,LastName832,uid832,CityB,Add278,,234601,ON,CA,123-123-1649,1
FirstName833,LastName833,uid833,CityC,,Add279,,ON,CA,123-123-1441,1
FirstName834,LastName834,uid834,CityD,,,,ON,CA,231-231-3529,1
FirstName835,LastName835,uid835,CityE,Add279,,234602,ON,CA,123-123-1650,1
FirstName836,LastName836,uid836,CityA,,Add280,,ON,CA,123-123-1651,1
FirstName837,LastName837,uid837,CityB,,,,ON,CA,123-123-1442,1
FirstName838,LastName838,uid838,CityC,Add280,,234603,ON,CA,231-231-3530,1
FirstName839,LastName839,uid839,CityD,,Add281,,ON,CA,123-123-1652,1
FirstName840,LastName840,uid840,CityE,,,,ON,CA,123-123-1653,1
FirstName841,LastName841,uid841,CityA,Add281,,234604,ON,CA,123-123-1443,1
FirstName842,LastName842,uid842,CityB,,Add282,,ON,CA,231-231-3531,1
FirstName843,LastName843,uid843,CityC,,,,ON,CA,123-123-1654,1
FirstName844,LastName844,uid844,CityD,Add282,,234605,ON,CA,123-123-1655,1
FirstName845,LastName845,uid845,CityE,,Add283,,ON,CA,123-123-1444,1
FirstName846,LastName846,uid846,CityA,,,,ON,CA,231-231-3532,1
FirstName847,LastName847,uid847,CityB,Add283,,234606,ON,CA,123-123-1656,1
FirstName848,LastName848,uid848,CityC,,Add284,,ON,CA,123-123-1657,1
FirstName849,LastName849,uid849,CityD,,,,ON,CA,123-123-1445,1
FirstName850,LastName850,uid850,CityE,Add284,,234607,ON,CA,231-231-3533,1
FirstName851,LastName851,uid851,CityA,,Add285,,ON,CA,123-123-1658,1
FirstName852,LastName852,uid852,CityB,,,,ON,CA,123-123-1659,1
FirstName853,LastName853,uid853,CityC,Add285,,234608,ON,CA,123-123-1446,1
FirstName854,LastName854,uid854,CityD,,Add286,,ON,CA,231-231-3534,1
FirstName855,LastName855,uid855,CityE,,,,ON,CA,123-123-1660,1
FirstName856,LastName856,uid856,CityA,Add286,,234609,ON,CA,123-123-1661,1
FirstName857,LastName857,uid857,CityB,,Add287,,ON,CA,123-123-1447,1
FirstName858,LastName858,uid858,CityC,,,,ON,CA,231-231-3535,1
FirstName859,LastName859,uid859,CityD,Add287,,234610,ON,CA,123-123-1662,1
FirstName860,LastName860,uid860,CityE,,Add288,,ON,CA,123-123-1663,1
FirstName861,LastName861,uid861,CityA,,,,ON,CA,123-123-1448,1
FirstName862,LastName862,uid862,CityB,Add288,,234611,ON,CA,231-231-3536,1
FirstName863,LastName863,uid863,CityC,,Add289,,ON,CA,123-123-1664,1
FirstName864,LastName864,uid864,CityD,,,,ON,CA,123-123-1665,1
FirstName865,LastName865,uid865,CityE,Add289,,234612,ON,CA,123-123-1449,1
FirstName866,LastName866,uid866,CityA,,Add290,,ON,CA,231-231-3537,1
FirstName867,LastName867,uid867,CityB,,,,ON,CA,123-123-1666,1
FirstName868,LastName868,uid868,CityC,Add290,,234613,ON,CA,123-123-1667,1
FirstName869,LastName869,uid869,CityD,,Add291,,ON,CA,123-123-1450,1
FirstName870,LastName870,uid870,CityE,,,,ON,CA,231-231-3538,1
FirstName871,LastName871,uid871,CityA,Add291,,234614,ON,CA,123-123-1668,1
FirstName872,LastName872,uid872,CityB,,Add292,,ON,CA,123-123-1669,1
FirstName873,LastName873,uid873,CityC,,,,ON,CA,123-123-1451,1
FirstName874,LastName874,uid874,CityD,Add292,,234615,ON,CA,231-231-3539,1
FirstName875,LastName875,uid875,CityE,,Add293,,ON,CA,123-123-1670,1
FirstName876,LastName876,uid876,CityA,,,,ON,CA,123-123-1671,1
FirstName877,LastName877,uid877,CityB,Add293,,234616,ON,CA,123-123-1452,1
FirstName878,LastName878,uid878,CityC,,Add294,,ON,CA,231-231-3540,1
FirstName879,LastName879,uid879,CityD,,,,ON,CA,123-123-1672,1
FirstName880,LastName880,uid880,CityE,Add294,,234617,ON,CA,123-123-1673,1
FirstName881,LastName881,uid881,CityA,,Add295,,ON,CA,123-123-1453,1
FirstName882,LastName882,uid882,CityB,,,,ON,CA,231-231-3541,1
FirstName883,LastName883,uid883,CityC,Add295,,234618,ON,CA,123-123-1674,1
FirstName884,LastName884,uid884,CityD,,Add296,,ON,CA,123-123-1675,1
FirstName885,LastName885,uid885,CityE,,,,ON,CA,123-123-1454,1
FirstName886,LastName886,uid886,CityA,Add296,,234619,ON,CA,231-231-3542,1
FirstName887,LastName887,uid887,CityB,,Add297,,ON,CA,123-123-1676,1
FirstName888,LastName888,uid888,CityC,,,,ON,CA,123-123-1677,1
FirstName889,LastName889,uid889,CityD,Add297,,234620,ON,CA,123-123-1455,1
FirstName890,LastName890,uid890,CityE,,Add298,,ON,CA,231-231-3543,1
FirstName891,LastName891,uid891,CityA,,,,ON,CA,123-123-1678,1
FirstName892,LastName892,uid892,CityB,Add298,,234621,ON,CA,123-123-1679,1
FirstName893,LastName893,uid893,CityC,,Add299,,ON,CA,123-123-1456,1
FirstName894,LastName894,uid894,CityD,,,,ON,CA,231-231-3544,1
FirstName895,LastName895,uid895,CityE,Add299,,234622,ON,CA,123-123-1680,1
FirstName896,LastName896,uid896,CityA,,Add300,,ON,CA,123-123-1681,1
FirstName897,LastName897,uid897,CityB,,,,ON,CA,123-123-1457,1
FirstName898,LastName898,uid898,CityC,Add300,,234623,ON,CA,231-231-3545,1
FirstName899,LastName899,uid899,CityD,,Add301,,ON,CA,123-123-1682,1
FirstName900,LastName900,uid900,CityE,,,,ON,CA,123-123-1683,1
FirstName901,LastName901,uid901,CityA,Add301,,234624,ON,CA,123-123-1458,1
FirstName902,LastName902,uid902,CityB,,Add302,,ON,CA,231-231-3546,1
FirstName903,LastName903,uid903,CityC,,,,ON,CA,123-123-1684,1
FirstName904,LastName904,uid904,CityD,Add302,,234625,ON,CA,123-123-1685,1
FirstName905,LastName905,uid905,CityE,,Add303,,ON,CA,123-123-1459,1
FirstName906,LastName906,uid906,CityA,,,,ON,CA,231-231-3547,1
FirstName907,LastName907,uid907,CityB,Add303,,234626,ON,CA,123-123-1686,1
FirstName908,LastName908,uid908,CityC,,Add304,,ON,CA,123-123-1687,1
FirstName909,LastName909,uid909,CityD,,,,ON,CA,123-123-1460,1
FirstName910,LastName910,uid910,CityE,Add304,,234627,ON,CA,231-231-3548,1
FirstName911,LastName911,uid911,CityA,,Add305,,ON,CA,123-123-1688,1
FirstName912,LastName912,uid912,CityB,,,,ON,CA,123-123-1689,1
FirstName913,LastName913,uid913,CityC,Add305,,234628,ON,CA,123-123-1461,1
FirstName914,LastName914,uid914,CityD,,Add306,,ON,CA,231-231-3549,1
FirstName915,LastName915,uid915,CityE,,,,ON,CA,123-123-1690,1
FirstName916,LastName916,uid916,CityA,Add306,,234629,ON,CA,123-123-1691,1
FirstName917,LastName917,uid917,CityB,,Add307,,ON,CA,123-123-1462,1
FirstName918,LastName918,uid918,CityC,,,,ON,CA,231-231-3550,1
FirstName919,LastName919,uid919,CityD,Add307,,234630,ON,CA,123-123-1692,1
FirstName920,LastName920,uid920,CityE,,Add308,,ON,CA,123-123-1693,1
FirstName921,LastName921,uid921,CityA,,,,ON,CA,123-123-1463,1
FirstName922,LastName922,uid922,CityB,Add308,,234631,ON,CA,231-231-3551,1
FirstName923,LastName923,uid923,CityC,,Add309,,ON,CA,123-123-1694,1
FirstName924,LastName924,uid924,CityD,,,,ON,CA,123-123-1695,1
FirstName925,LastName925,uid925,CityE,Add309,,234632,ON,CA,123-123-1464,1
FirstName926,LastName926,uid926,CityA,,Add310,,ON,CA,231-231-3552,1
FirstName927,LastName927,uid927,CityB,,,,ON,CA,123-123-1696,1
FirstName928,LastName928,uid928,CityC,Add310,,234633,ON,CA,123-123-1697,1
FirstName929,LastName929,uid929,CityD,,Add311,,ON,CA,123-123-1465,1
FirstName930,LastName930,uid930,CityE,,,,ON,CA,231-231-3553,1
FirstName931,LastName931,uid931,CityA,Add311,,234634,ON,CA,123-123-1698,1
FirstName932,LastName932,uid932,CityB,,Add312,,ON,CA,123-123-1699,1
FirstName933,LastName933,uid933,CityC,,,,ON,CA,123-123-1466,1
FirstName934,LastName934,uid934,CityD,Add312,,234635,ON,CA,231-231-3554,1
FirstName935,LastName935,uid935,CityE,,Add313,,ON,CA,123-123-1700,1
FirstName936,LastName936,uid936,CityA,,,,ON,CA,123-123-1701,1
FirstName937,LastName937,uid937,CityB,Add313,,234636,ON,CA,123-123-1467,1
FirstName938,LastName938,uid938,CityC,,Add314,,ON,CA,231-231-3555,1
FirstName939,LastName939,uid939,CityD,,,,ON,CA,123-123-1702,1
FirstName940,LastName940,uid940,CityE,Add314,,234637,ON,CA,123-123-1703,1
FirstName941,LastName941,uid941,CityA,,Add315,,ON,CA,123-123-1468,1
FirstName942,LastName942,uid942,CityB,,,,ON,CA,231-231-3556,1
FirstName943,LastName943,uid943,CityC,Add315,,234638,ON,CA,123-123-1704,1
FirstName944,LastName944,uid944,CityD,,Add316,,ON,CA,123-123-1705,1
FirstName945,LastName945,uid945,CityE,,,,ON,CA,123-123-1469,1
FirstName946,LastName946,uid946,CityA,Add316,,234639,ON,CA,231-231-3557,1
FirstName947,LastName947,uid947,CityB,,Add317,,ON,CA,123-123-1706,1
FirstName948,LastName948,uid948,CityC,,,,ON,CA,123-123-1707,1
FirstName949,LastName949,uid949,CityD,Add317,,234640,ON,CA,123-123-1470,1
FirstName950,LastName950,uid950,CityE,,Add318,,ON,CA,231-231-3558,1
FirstName951,LastName951,uid951,CityA,,,,ON,CA,123-123-1708,1
FirstName952,LastName952,uid952,CityB,Add318,,234641,ON,CA,123-123-1709,1
FirstName953,LastName953,uid953,CityC,,Add319,,ON,CA,123-123-1471,1
FirstName954,LastName954,uid954,CityD,,,,ON,CA,231-231-3559,1
FirstName955,LastName955,uid955,CityE,Add319,,234642,ON,CA,123-123-1710,1
FirstName956,LastName956,uid956,CityA,,Add320,,ON,CA,123-123-1711,1
FirstName957,LastName957,uid957,CityB,,,,ON,CA,123-123-1472,1
FirstName958,LastName958,uid958,CityC,Add320,,234643,ON,CA,231-231-3560,1
FirstName959,LastName959,uid959,CityD,,Add321,,ON,CA,123-123-1712,1
FirstName960,LastName960,uid960,CityE,,,,ON,CA,123-123-1713,1
FirstName961,LastName961,uid961,CityA,Add321,,234644,ON,CA,123-123-1473,1
FirstName962,LastName962,uid962,CityB,,Add322,,ON,CA,231-231-3561,1
FirstName963,LastName963,uid963,CityC,,,,ON,CA,123-123-1714,1
FirstName964,LastName964,uid964,CityD,Add322,,234645,ON,CA,123-123-1715,1
FirstName965,LastName965,uid965,CityE,,Add323,,ON,CA,123-123-1474,1
FirstName966,LastName966,uid966,CityA,,,,ON,CA,231-231-3562,1
FirstName967,LastName967,uid967,CityB,Add323,,234646,ON,CA,123-123-1716,1
FirstName968,LastName968,uid968,CityC,,Add324,,ON,CA,123-123-1717,1
FirstName969,LastName969,uid969,CityD,,,,ON,CA,123-123-1475,1
FirstName970,LastName970,uid970,CityE,Add324,,234647,ON,CA,231-231-3563,1
FirstName971,LastName971,uid971,CityA,,Add325,,ON,CA,123-123-1718,1
FirstName972,LastName972,uid972,CityB,,,,ON,CA,123-123-1719,1
FirstName973,LastName973,uid973,CityC,Add325,,234648,ON,CA,123-123-1476,1
FirstName974,LastName974,uid974,CityD,,Add326,,ON,CA,231-231-3564,1
FirstName975,LastName975,uid975,CityE,,,,ON,CA,123-123-1720,1
FirstName976,LastName976,uid976,CityA,Add326,,234649,ON,CA,123-123-1721,1
FirstName977,LastName977,uid977,CityB,,Add327,,ON,CA,123-123-1477,1
FirstName978,LastName978,uid978,CityC,,,,ON,CA,231-231-3565,1
FirstName979,LastName979,uid979,CityD,Add327,,234650,ON,CA,123-123-1722,1
FirstName980,LastName980,uid980,CityE,,Add328,,ON,CA,123-123-1723,1
FirstName981,LastName981,uid981,CityA,,,,ON,CA,123-123-1478,1
FirstName982,LastName982,uid982,CityB,Add328,,234651,ON,CA,231-231-3566,1
FirstName983,LastName983,uid983,CityC,,Add329,,ON,CA,123-123-1724,1
FirstName984,LastName984,uid984,CityD,,,,ON,CA,123-123-1725,1
FirstName985,LastName985,uid985,CityE,Add329,,234652,ON,CA,123-123-1479,1
FirstName986,LastName986,uid986,CityA,,Add330,,ON,CA,231-231-3567,1
FirstName987,LastName987,uid987,CityB,,,,ON,CA,123-123-1726,1
FirstName988,LastName988,uid988,CityC,Add330,,234653,ON,CA,123-123-1727,1
FirstName989,LastName989,uid989,CityD,,Add331,,ON,CA,123-123-1480,1
FirstName990,LastName990,uid990,CityE,,,,ON,CA,231-231-3568,1
FirstName991,LastName991,uid991,CityA,Add331,,234654,ON,CA,123-123-1728,1
FirstName992,LastName992,uid992,CityB,,Add332,,ON,CA,123-123-1729,1
FirstName993,LastName993,uid993,CityC,,,,ON,CA,123-123-1481,1
FirstName994,LastName994,uid994,CityD,Add332,,234655,ON,CA,231-231-3569,1
FirstName995,LastName995,uid995,CityE,,Add333,,ON,CA,123-123-1730,1
FirstName996,LastName996,uid996,CityA,,,,ON,CA,123-123-1731,1
FirstName997,LastName997,uid997,CityB,Add333,,234656,ON,CA,123-123-1482,1
FirstName998,LastName998,uid998,CityC,,Add334,,ON,CA,231-231-3570,1
FirstName999,LastName999,uid999,CityD,,,,ON,CA,123-123-1732,1
FirstName1000,LastName1000,uid1000,CityE,Add334,,234657,ON,CA,123-123-1733,1
